PRODUCT_ID,PRODUCT_CODE,PRODUCT_NAME,CATEGORY,UOM,IS_ACTIVE,PRO_CURRENCY,BASE_PRICE,BASE_COST,HOLDING_COST_RATE
1,PRD-0001,Product_CAT_01_1,CAT_01,EA,TRUE,EUR,92.45,66.08,0.19
2,PRD-0002,Product_CAT_01_2,CAT_01,EA,TRUE,TRY,492.87,283.21,0.18
3,PRD-0003,Product_CAT_01_3,CAT_01,EA,TRUE,EUR,291.33,170.44,0.20
4,PRD-0004,Product_CAT_01_4,CAT_01,EA,TRUE,TRY,94.06,67.07,0.15
5,PRD-0005,Product_CAT_02_5,CAT_02,EA,TRUE,USD,124.84,83.82,0.19
6,PRD-0006,Product_CAT_02_6,CAT_02,EA,FALSE,EUR,169.34,126.33,0.19
7,PRD-0007,Product_CAT_02_7,CAT_02,EA,TRUE,TRY,347.84,233.63,0.17
8,PRD-0008,Product_CAT_02_8,CAT_02,EA,TRUE,EUR,386.59,218.15,0.20
9,PRD-0009,Product_CAT_03_9,CAT_03,EA,TRUE,EUR,86.05,51.33,0.22
10,PRD-0010,Product_CAT_03_10,CAT_03,EA,TRUE,USD,160.80,112.34,0.19
