DATE,PRODUCT_ID,PRODUCT_NAME,CATEGORY,ON_HAND_QTY,IN_TRANSIT_QTY,RESERVED_QTY
2025-01-01,1,Product_CAT_01_1,CAT_01,179,200,0
2025-01-01,2,Product_CAT_01_2,CAT_01,361,0,1
2025-01-01,3,Product_CAT_01_3,CAT_01,107,187,1
2025-01-01,4,Product_CAT_01_4,CAT_01,235,400,0
2025-01-01,5,Product_CAT_02_5,CAT_02,31,50,0
2025-01-01,6,Product_CAT_02_6,CAT_02,429,0,0
2025-01-01,7,Product_CAT_02_7,CAT_02,459,1000,5
2025-01-01,8,Product_CAT_02_8,CAT_02,204,200,1
2025-01-01,9,Product_CAT_03_9,CAT_03,135,400,0
2025-01-01,10,Product_CAT_03_10,CAT_03,140,200,1
2025-01-01,11,Product_CAT_03_11,CAT_03,790,1000,0
2025-01-01,12,Product_CAT_03_12,CAT_03,107,88,0
2025-01-01,13,Product_CAT_04_13,CAT_04,909,1000,1
2025-01-01,14,Product_CAT_04_14,CAT_04,117,157,1
2025-01-01,15,Product_CAT_04_15,CAT_04,166,0,0
2025-01-01,16,Product_CAT_04_16,CAT_04,1131,1000,0
2025-01-01,17,Product_CAT_05_17,CAT_05,214,200,2
2025-01-01,18,Product_CAT_05_18,CAT_05,731,1000,1
2025-01-01,19,Product_CAT_05_19,CAT_05,735,0,0
2025-01-01,20,Product_CAT_05_20,CAT_05,398,0,2
