INVENTORY_DATE,PRODUCT_ID,PRODUCT_NAME,CATEGORY,ON_HAND_QTY,RESERVED_QTY,AVAILABLE_QTY,AVG_DAILY_DEMAND,DAYS_OF_INVENTORY
2025-01-01,1,Product_CAT_01_1,CAT_01,179,0,179,12.079452055,14.81855296
2025-01-01,2,Product_CAT_01_2,CAT_01,361,1,360,13.375342466,26.98996313
2025-01-01,3,Product_CAT_01_3,CAT_01,107,1,106,12.597260274,8.493910396
2025-01-01,4,Product_CAT_01_4,CAT_01,235,0,235,2.921348315,80.442307692
2025-01-01,5,Product_CAT_02_5,CAT_02,31,0,31,2.605479452,11.898002103
2025-01-01,6,Product_CAT_02_6,CAT_02,429,0,429,13.805714286,31.074089404
2025-01-01,7,Product_CAT_02_7,CAT_02,459,5,454,2.491758242,184.207276736
2025-01-01,8,Product_CAT_02_8,CAT_02,204,1,203,13.605479452,14.993958921
2025-01-01,9,Product_CAT_03_9,CAT_03,135,0,135,4.87394958,27.698275862
2025-01-01,10,Product_CAT_03_10,CAT_03,140,1,139,9.520547945,14.705035971
2025-01-01,11,Product_CAT_03_11,CAT_03,790,0,790,10.928767123,72.28628729
2025-01-01,12,Product_CAT_03_12,CAT_03,107,0,107,9.564383562,11.187338871
2025-01-01,13,Product_CAT_04_13,CAT_04,909,1,908,14.380821918,63.209182701
2025-01-01,14,Product_CAT_04_14,CAT_04,117,1,116,11.076712329,10.562700965
2025-01-01,15,Product_CAT_04_15,CAT_04,166,0,166,3.567123288,46.53609831
2025-01-01,16,Product_CAT_04_16,CAT_04,1131,0,1131,6.44109589,175.591237771
2025-01-01,17,Product_CAT_05_17,CAT_05,214,2,212,10.819178082,19.779691061
2025-01-01,18,Product_CAT_05_18,CAT_05,731,1,730,11.832876712,61.77703172
2025-01-01,19,Product_CAT_05_19,CAT_05,735,0,735,3.676712329,199.90685544
2025-01-01,20,Product_CAT_05_20,CAT_05,398,2,396,13.493150685,29.496446701
